objectid,shape,classcode,cnn,f_node_cnn,f_st,nhood,oneway,st_type,streetname,t_st,zip_code,slw_st,length,extents,status,phase,install_date,agency,type,supervisor_district,data_as_of,data_loaded_at
1291,"LINESTRING (-122.487433564 37.774290092, -122.488505758 37.774241084)",5,3495000,27528000,28TH AVE,Outer Richmond,B,ST,CABRILLO ST,29TH AVE,94121,1,0.05879311,23rd Ave to 45th Ave,Implemented,3,10/20/2020 05:00:00 PM,MTA,Non-local access,1,04/28/2023 02:29:50 PM,01/18/2024 03:33:32 PM
1286,"LINESTRING (-122.493867856 37.773995847, -122.494938693 37.773946842)",5,3501000,27825000,34TH AVE,Outer Richmond,B,ST,CABRILLO ST,35TH AVE,94121,1,0.05871917,23rd Ave to 45th Ave,Implemented,3,10/20/2020 05:00:00 PM,MTA,Non-local access,1,04/28/2023 02:29:50 PM,01/18/2024 03:33:32 PM
438,"LINESTRING (-122.461470836 37.786816064, -122.462546556 37.78676805)",5,8011000,27584000,03RD AVE,Presidio Heights,B,ST,LAKE ST,04TH AVE,94118,1,0.058972,28th Avenue to Arguello Boulevard,Implemented,1,04/30/2020 05:00:00 PM,MTA,Non-local access,1,11/23/2021 04:11:01 PM,01/18/2024 03:33:32 PM
432,"LINESTRING (-122.477644057 37.786079795, -122.478713573 37.78603127)",5,8027000,27634000,18TH AVE,Inner Richmond,B,ST,LAKE ST,19TH AVE,94121,1,0.05863556,28th Avenue to Arguello Boulevard,Implemented,1,04/30/2020 05:00:00 PM,MTA,Non-local access,1,11/23/2021 04:11:01 PM,01/18/2024 03:33:32 PM
435,"LINESTRING (-122.473255083 37.786288101, -122.474382842 37.786238018)",5,8023000,27622000,14TH AVE,Inner Richmond,B,ST,LAKE ST,15TH AVE,94118,1,0.06182429,28th Avenue to Arguello Boulevard,Implemented,1,04/30/2020 05:00:00 PM,MTA,Non-local access,1,11/23/2021 04:11:01 PM,01/18/2024 03:33:32 PM
433,"LINESTRING (-122.487286365 37.785648841, -122.488140379 37.785611775)",5,8036000,27659000,27TH AVE,Seacliff,B,ST,LAKE ST,28TH AVE,94121,1,0.04681459,28th Avenue to Arguello Boulevard,Implemented,1,04/30/2020 05:00:00 PM,MTA,Non-local access,1,11/23/2021 04:11:01 PM,01/18/2024 03:33:32 PM
1604,"LINESTRING (-122.497082371 37.773848713, -122.4981493 37.773799858)",5,3504000,27863000,37TH AVE,Outer Richmond,B,ST,CABRILLO ST,38TH AVE,94121,1,0.05850511,23rd Ave to 45th Ave,Implemented,3,10/20/2020 05:00:00 PM,MTA,Non-local access,1,04/28/2023 02:29:50 PM,01/18/2024 03:33:32 PM
648,"LINESTRING (-122.482318449 37.776399887, -122.482183772 37.774534489)",5,1216000,27533000,BALBOA ST,Outer Richmond,B,AVE,23RD AVE,CABRILLO ST,94121,1,0.12886334,Lake to Cabrillo,Implemented,2,06/09/2020 05:00:00 PM,MTA,Non-local access,1,10/13/2020 04:05:18 PM,01/18/2024 03:33:32 PM
1612,"LINESTRING (-122.442476421 37.789662961, -122.444119473 37.789457083)",5,4117000,26854000,BRODERICK ST,Pacific Heights,B,ST,CLAY ST,BAKER ST,94115,1,0.09104227,Arguello to Steiner,Implemented,3,10/05/2020 05:00:00 PM,MTA,Non-local access,2,10/13/2020 04:05:18 PM,01/18/2024 03:33:32 PM
100,"LINESTRING (-122.428990052 37.773247801, -122.430629085 37.773039299)",5,10174000,25901000,WEBSTER ST,Western Addition,B,ST,PAGE ST,FILLMORE ST,94117,1,0.09087306,Stanyan to Gough,Implemented,1,04/30/2020 05:00:00 PM,MTA,Non-local access,5,10/13/2020 04:05:18 PM,01/18/2024 03:33:32 PM
2603,"LINESTRING (-122.442754865 37.774358833, -122.442945446 37.775295529)",5,8557000,26356000,HAYES ST,North Panhandle,B,ST,LYON ST,GROVE ST,94117,1,0.06543881,Turk Street to Haight Street,Implemented,4,07/06/2021 05:00:00 PM,MTA,Non-local access,5,07/07/2021 04:22:50 PM,01/18/2024 03:33:32 PM
97,"LINESTRING (-122.433922188 37.772620311, -122.43556332 37.77241793)",5,10177000,26003000,PIERCE ST,Western Addition,B,ST,PAGE ST,SCOTT ST,94117,1,0.0909215,Stanyan to Gough,Implemented,1,04/30/2020 05:00:00 PM,MTA,Non-local access,5,10/13/2020 04:05:18 PM,01/18/2024 03:33:32 PM
2568,"LINESTRING (-122.446573476 37.730699251, -122.448860456 37.730690189)",5,6865000,22161000,EDNA ST,Sunnyside,B,AVE,HEARST AVE,FOERSTER ST,94112,1,0.12527275,Ridgewood Avenue to Baden Street,Implemented,4,07/26/2021 05:00:00 PM,MTA,Non-local access,7,08/03/2021 11:50:20 AM,01/18/2024 03:33:32 PM
2562,"LINESTRING (-122.469263156 37.760170586, -122.469131021 37.758303993)",5,530000,27159000,KIRKHAM ST,Inner Sunset,B,AVE,12TH AVE,LAWTON ST,94122,1,0.12893746,Lincoln Way to Lawton,Implemented,4,07/19/2021 05:00:00 PM,MTA,Non-local access,7,04/20/2023 11:36:44 AM,01/18/2024 03:33:32 PM
682,"LINESTRING (-122.429422762 37.749157853, -122.429346499 37.748362264)",5,11532000,25644000,CLIPPER ST,Noe Valley,B,ST,SANCHEZ ST,26TH ST,94114,1,0.05502842,23rd St to 30th St,Implemented,2,05/19/2020 05:00:00 PM,MTA,Non-local access,8,10/13/2020 04:05:18 PM,01/18/2024 03:33:32 PM
3538,"LINESTRING (-122.424289762 37.755105763, -122.424822692 37.755074983)",5,1197000,25626000,FAIR OAKS ST,Noe Valley,B,ST,22ND ST,QUANE ST,94110,1,0.02925921,Bryant to Chattanooga,Planned,,,MTA,,8,03/01/2023 02:13:09 PM,01/18/2024 03:33:32 PM
3534,"LINESTRING (-122.420964093 37.755294783, -122.421435247 37.755268223)",5,1193000,24115000,VALENCIA ST,Inner Mission,B,ST,22ND ST,SAN JOSE AVE,94110,1,0.02586426,Bryant to Chattanooga,Planned,,,MTA,,9,03/01/2023 02:13:09 PM,01/18/2024 03:33:32 PM
3528,"LINESTRING (-122.414387601 37.755699465, -122.415473275 37.755634108)",5,1187000,24077000,FOLSOM ST,Inner Mission,B,ST,22ND ST,SHOTWELL ST,94110,1,0.05961935,Bryant to Chattanooga,Planned,,,MTA,,9,03/01/2023 02:13:09 PM,01/18/2024 03:33:32 PM
745,"LINESTRING (-122.409043771 37.73020274, -122.408548511 37.729002898)",5,11967000,20902000,SILLIMAN ST,Excelsior,B,ST,SOMERSET ST,FELTON ST,94134,1,0.0870832,Silver to Woolsey,Implemented,2,06/01/2020 05:00:00 PM,MTA,Non-local access,9,10/13/2020 04:05:18 PM,01/18/2024 03:33:32 PM
667,"LINESTRING (-122.416227271 37.763635137, -122.416077986 37.762034002)",5,11835000,24135000,17TH ST,The Mission,B,ST,SHOTWELL ST,18TH ST,94110,1,0.1107285,14th St to Cesar Chavez,Implemented,2,05/19/2020 05:00:00 PM,MTA,Non-local access,9,10/13/2020 04:05:18 PM,01/18/2024 03:33:32 PM
746,"LINESTRING (-122.407556405 37.726599246, -122.407056461 37.72539995)",5,11970000,20888000,BACON ST,Excelsior,B,ST,SOMERSET ST,WAYLAND ST,94134,1,0.08712809,Silver to Woolsey,Implemented,2,06/01/2020 05:00:00 PM,MTA,Non-local access,9,10/13/2020 04:05:18 PM,01/18/2024 03:33:32 PM
1747,"LINESTRING (-122.44470621 37.717995411, -122.445246154 37.717521261)",5,3843000,22082000,NIAGARA AVE,Outer Mission,B,AVE,CAYUGA AVE,SHAWNEE AVE,94112,1,0.04409505,Naglee to Rousseau,Implemented,3,07/31/2023 05:00:00 PM,MTA,Non-local access,11,09/20/2023 03:06:06 PM,01/18/2024 03:33:32 PM
1740,"LINESTRING (-122.429766351 37.73145973, -122.430578486 37.731234944)",5,3819000,21706000,ROUSSEAU ST,Outer Mission,B,AVE,CAYUGA AVE,ROTTECK ST,94112,1,0.04710893,Naglee to Rousseau,Implemented,3,07/31/2023 05:00:00 PM,MTA,Non-local access,11,09/20/2023 03:06:06 PM,01/18/2024 03:33:32 PM
1749,"LINESTRING (-122.443696073 37.718928673, -122.444190955 37.718470082)",5,3841000,22088000,GENEVA AVE,Outer Mission,B,AVE,CAYUGA AVE,SEMINOLE AVE,94112,1,0.04165773,Naglee to Rousseau,Implemented,3,07/31/2023 05:00:00 PM,MTA,Non-local access,11,09/20/2023 03:06:06 PM,01/18/2024 03:33:32 PM
1732,"LINESTRING (-122.439350074 37.722733433, -122.439764643 37.722069003)",5,3833000,22064000,VALERTON CT,Outer Mission,B,AVE,CAYUGA AVE,ONONDAGA AVE,94112,1,0.05114299,Naglee to Rousseau,Implemented,3,07/31/2023 05:00:00 PM,MTA,Non-local access,11,09/20/2023 03:06:06 PM,01/18/2024 03:33:32 PM
1759,"LINESTRING (-122.440947061 37.720184353, -122.441400989 37.719865362)",5,3837000,33428000,SUNBEAM LN,Outer Mission,B,AVE,CAYUGA AVE,JUNIOR TER,94112,1,0.03320247,Naglee to Rousseau,Implemented,3,07/31/2023 05:00:00 PM,MTA,Non-local access,11,09/20/2023 03:06:06 PM,01/18/2024 03:33:32 PM
445,"LINESTRING (-122.459279528 37.786913871, -122.460404199 37.786865758)",5,8009000,27578000,ARGUELLO BLVD,Presidio Heights,B,ST,LAKE ST,02ND AVE,94118,1,0.06164755,28th Avenue to Arguello Boulevard,Implemented,1,04/30/2020 05:00:00 PM,MTA,Non-local access,"1, 2",11/23/2021 04:11:01 PM,01/18/2024 03:33:32 PM
1668,"LINESTRING (-122.42487023 37.739011396, -122.425277591 37.738209207)",5,2448000,21843000,FAIRMOUNT ST,Glen Park,B,ST,ARLINGTON ST,CHARLES ST,94131,1,0.05965418,Roanoke to Randall,Implemented,3,11/29/2020 04:00:00 PM,MTA,Non-local access,8,11/30/2020 03:25:20 PM,01/18/2024 03:33:32 PM
1670,"LINESTRING (-122.428993988 37.73548526, -122.42969864 37.735027419)",5,2453000,33378000,SAINT MARY'S AVE,Glen Park,B,ST,ARLINGTON ST,ROANOKE ST,94131,1,0.04986642,Roanoke to Randall,Implemented,3,11/29/2020 04:00:00 PM,MTA,Non-local access,8,11/30/2020 03:25:20 PM,01/18/2024 03:33:32 PM
3535,"LINESTRING (-122.421435247 37.755268223, -122.423181 37.755169794)",5,1194000,24117000,SAN JOSE AVE,Inner Mission,B,ST,22ND ST,GUERRERO ST,94110,1,0.09583423,Bryant to Chattanooga,Planned,,,MTA,,"8, 9",03/01/2023 02:13:09 PM,01/18/2024 03:33:32 PM
3544,"LINESTRING (-122.411579841 37.759084056, -122.41250093 37.759028146)",5,1049000,24028000,ALABAMA ST,Inner Mission,B,ST,20TH ST,HARRISON ST,94110,1,0.05058135,Shotwell to Potrero,Implemented,,02/28/2023 04:00:00 PM,MTA,,9,04/20/2023 11:12:17 AM,01/18/2024 03:33:32 PM
3541,"LINESTRING (-122.408903725 37.759246641, -122.409770121 37.75919401)",5,1046000,24006000,YORK ST,Inner Mission,B,ST,20TH ST,BRYANT ST,94110,1,0.04757801,Shotwell to Potrero,Implemented,,02/28/2023 04:00:00 PM,MTA,,9,04/20/2023 11:12:17 AM,01/18/2024 03:33:32 PM
1760,"LINESTRING (-122.432220515 37.730780434, -122.433035016 37.730554971)",5,3822000,21786000,DANTON ST,Outer Mission,B,AVE,CAYUGA AVE,LAMARTINE ST,94112,1,0.04724706,Naglee to Rousseau,Implemented,3,07/31/2023 05:00:00 PM,MTA,Non-local access,11,09/20/2023 03:06:06 PM,01/18/2024 03:33:32 PM
2569,"LINESTRING (-122.439737346 37.730732907, -122.442015664 37.730721768)",5,6862000,22132000,BADEN ST,Sunnyside,B,AVE,HEARST AVE,CONGO ST,94131,1,0.12479903,Ridgewood Avenue to Baden Street,Implemented,4,07/26/2021 05:00:00 PM,MTA,Non-local access,7,08/03/2021 11:50:20 AM,01/18/2024 03:33:32 PM
1743,"LINESTRING (-122.433035016 37.730554971, -122.433854274 37.730328184)",5,3823000,21792000,LAMARTINE ST,Outer Mission,B,AVE,CAYUGA AVE,BADGER ST,94112,1,0.04752329,Naglee to Rousseau,Implemented,3,07/31/2023 05:00:00 PM,MTA,Non-local access,11,09/20/2023 03:06:06 PM,01/18/2024 03:33:32 PM
1287,"LINESTRING (-122.492802443 37.774044593, -122.493867856 37.773995847)",5,3500000,27822000,33RD AVE,Outer Richmond,B,ST,CABRILLO ST,34TH AVE,94121,1,0.05842167,23rd Ave to 45th Ave,Implemented,3,10/20/2020 05:00:00 PM,MTA,Non-local access,1,04/28/2023 02:29:50 PM,01/18/2024 03:33:32 PM
3841,"LINESTRING (-122.449570826 37.777318749, -122.450458195 37.777204617)",5,6284000,26456000,ROSELYN TER,Lone Mountain,B,AVE,GOLDEN GATE AVE,KITTREDGE TER,94118,1,0.04920953,Masonic to Parker,Implemented,,02/28/2023 04:00:00 PM,MTA,,1,04/20/2023 12:07:52 PM,01/18/2024 03:33:32 PM
1289,"LINESTRING (-122.489579477 37.774191997, -122.49065134 37.774142985)",5,3497000,27814000,30TH AVE,Outer Richmond,B,ST,CABRILLO ST,31ST AVE,94121,1,0.05877512,23rd Ave to 45th Ave,Implemented,3,10/20/2020 05:00:00 PM,MTA,Non-local access,1,04/28/2023 02:29:50 PM,01/18/2024 03:33:32 PM
451,"LINESTRING (-122.485147938 37.78574601, -122.486223795 37.785697129)",5,8034000,27655000,25TH AVE,Outer Richmond,B,ST,LAKE ST,26TH AVE,94121,1,0.05898373,28th Avenue to Arguello Boulevard,Implemented,1,04/30/2020 05:00:00 PM,MTA,Non-local access,1,11/23/2021 04:11:01 PM,01/18/2024 03:33:32 PM
1283,"LINESTRING (-122.49065134 37.774142985, -122.491723389 37.774093954)",5,3498000,27816000,31ST AVE,Outer Richmond,B,ST,CABRILLO ST,32ND AVE,94121,1,0.0587854,23rd Ave to 45th Ave,Implemented,3,10/20/2020 05:00:00 PM,MTA,Non-local access,1,04/28/2023 02:29:50 PM,01/18/2024 03:33:32 PM
440,"LINESTRING (-122.460404199 37.786865758, -122.461470836 37.786816064)",5,8010000,27579000,02ND AVE,Presidio Heights,B,ST,LAKE ST,03RD AVE,94118,1,0.05848228,28th Avenue to Arguello Boulevard,Implemented,1,04/30/2020 05:00:00 PM,MTA,Non-local access,1,11/23/2021 04:11:01 PM,01/18/2024 03:33:32 PM
1284,"LINESTRING (-122.504579894 37.773505194, -122.505646709 37.773456276)",5,3511000,27970000,44TH AVE,Outer Richmond,B,ST,CABRILLO ST,45TH AVE,94121,1,0.0584994,23rd Ave to 45th Ave,Implemented,3,10/20/2020 05:00:00 PM,MTA,Non-local access,1,04/28/2023 02:29:50 PM,01/18/2024 03:33:32 PM
452,"LINESTRING (-122.484079805 37.78579453, -122.485147938 37.78574601)",5,8033000,27654000,24TH AVE,Outer Richmond,B,ST,LAKE ST,25TH AVE,94121,1,0.05856019,28th Avenue to Arguello Boulevard,Implemented,1,04/30/2020 05:00:00 PM,MTA,Non-local access,1,11/23/2021 04:11:01 PM,01/18/2024 03:33:32 PM
431,"LINESTRING (-122.468974695 37.786482586, -122.470043747 37.786437146)",5,8018000,27609000,10TH AVE,Inner Richmond,B,ST,LAKE ST,11TH AVE,94118,1,0.05859812,28th Avenue to Arguello Boulevard,Implemented,1,04/30/2020 05:00:00 PM,MTA,Non-local access,1,11/23/2021 04:11:01 PM,01/18/2024 03:33:32 PM
442,"LINESTRING (-122.462546556 37.78676805, -122.463617943 37.78672158)",5,8012000,27588000,04TH AVE,Inner Richmond,B,ST,LAKE ST,05TH AVE,94118,1,0.05872935,28th Avenue to Arguello Boulevard,Implemented,1,04/30/2020 05:00:00 PM,MTA,Non-local access,1,11/23/2021 04:11:01 PM,01/18/2024 03:33:32 PM
449,"LINESTRING (-122.465760339 37.786627327, -122.465921529 37.786608485, -122.466830335 37.786568136)",5,8015000,27600000,07TH AVE,Inner Richmond,B,ST,LAKE ST,08TH AVE,94118,1,0.05873878,28th Avenue to Arguello Boulevard,Implemented,1,04/30/2020 05:00:00 PM,MTA,Non-local access,1,11/23/2021 04:11:01 PM,01/18/2024 03:33:32 PM
3842,"LINESTRING (-122.450458195 37.777204617, -122.451346157 37.777090401)",5,6285000,26459000,KITTREDGE TER,Lone Mountain,B,AVE,GOLDEN GATE AVE,CHABOT TER,94118,1,0.04924257,Masonic to Parker,Implemented,,02/28/2023 04:00:00 PM,MTA,,1,04/20/2023 12:07:52 PM,01/18/2024 03:33:32 PM
2600,"LINESTRING (-122.443132454 37.776226036, -122.443321055 37.777164445)",5,8559000,26370000,FULTON ST,North Panhandle,B,ST,LYON ST,MCALLISTER ST,94117,1,0.06553826,Turk Street to Haight Street,Implemented,4,07/06/2021 05:00:00 PM,MTA,Non-local access,2,07/07/2021 04:22:50 PM,01/18/2024 03:33:32 PM
1611,"LINESTRING (-122.444119473 37.789457083, -122.445758037 37.789248416)",5,4118000,26841000,BAKER ST,Pacific Heights,B,ST,CLAY ST,LYON ST,94115,1,0.09083017,Arguello to Steiner,Implemented,3,10/05/2020 05:00:00 PM,MTA,Non-local access,2,10/13/2020 04:05:18 PM,01/18/2024 03:33:32 PM
1610,"LINESTRING (-122.445758037 37.789248416, -122.447148008 37.789071388)",5,4119000,26848000,LYON ST,Pacific Heights,B,ST,CLAY ST,PRESIDIO AVE,94115,1,0.07705037,Arguello to Steiner,Implemented,3,10/05/2020 05:00:00 PM,MTA,Non-local access,2,10/13/2020 04:05:18 PM,01/18/2024 03:33:32 PM
460,"LINESTRING (-122.44350692 37.778089213, -122.445155753 37.777886507)",5,6279000,26375000,LYON ST,Western Addition,B,AVE,GOLDEN GATE AVE,CENTRAL AVE,94115,1,0.09133498,Masonic to Parker,Implemented,2,06/09/2020 05:00:00 PM,MTA,Non-local access,2,04/20/2023 12:00:31 PM,01/18/2024 03:33:32 PM
17,"LINESTRING (-122.452055221 37.770312752, -122.453593183 37.770117077, -122.453726227 37.77009808)",5,10188000,26435000,SHRADER ST,Haight Ashbury,B,ST,PAGE ST,STANYAN ST,94117,1,0.0926736,Stanyan to Gough,Implemented,1,04/30/2020 05:00:00 PM,MTA,Non-local access,5,10/13/2020 04:05:18 PM,01/18/2024 03:33:32 PM
20,"LINESTRING (-122.43556332 37.77241793, -122.437234932 37.772203713)",5,10178000,26028000,SCOTT ST,Western Addition,B,ST,PAGE ST,DIVISADERO ST,94117,1,0.09269755,Stanyan to Gough,Implemented,1,04/30/2020 05:00:00 PM,MTA,Non-local access,5,10/13/2020 04:05:19 PM,01/18/2024 03:33:32 PM
96,"LINESTRING (-122.44054621 37.771779098, -122.442187879 37.771571038)",5,10181000,26318000,BAKER ST,Haight Ashbury,B,ST,PAGE ST,LYON ST,94117,1,0.09101249,Stanyan to Gough,Implemented,1,04/30/2020 05:00:00 PM,MTA,Non-local access,5,10/13/2020 04:05:18 PM,01/18/2024 03:33:32 PM
19,"LINESTRING (-122.447122701 37.770934641, -122.448767914 37.770730884)",5,10185000,26343000,ASHBURY ST,Haight Ashbury,B,ST,PAGE ST,CLAYTON ST,94117,1,0.09115887,Stanyan to Gough,Implemented,1,04/30/2020 05:00:00 PM,MTA,Non-local access,5,10/13/2020 04:05:18 PM,01/18/2024 03:33:32 PM
2567,"LINESTRING (-122.448860456 37.730690189, -122.451140811 37.73068111)",5,6866000,22231000,FOERSTER ST,Sunnyside,B,AVE,HEARST AVE,GENNESSEE ST,94112,1,0.12490988,Ridgewood Avenue to Baden Street,Implemented,4,07/26/2021 05:00:00 PM,MTA,Non-local access,7,08/03/2021 11:50:20 AM,01/18/2024 03:33:32 PM
689,"LINESTRING (-122.429116242 37.745960041, -122.429036672 37.745165388)",5,11536000,21918000,DUNCAN ST,Noe Valley,B,ST,SANCHEZ ST,28TH ST,94131,1,0.0549781,23rd St to 30th St,Implemented,2,05/19/2020 05:00:00 PM,MTA,Non-local access,8,10/13/2020 04:05:18 PM,01/18/2024 03:33:32 PM
684,"LINESTRING (-122.429807778 37.753158475, -122.429731302 37.752362003)",5,11527000,25655000,23RD ST,Noe Valley,B,ST,SANCHEZ ST,ELIZABETH ST,94114,1,0.05509005,23rd St to 30th St,Implemented,2,05/19/2020 05:00:00 PM,MTA,Non-local access,8,10/13/2020 04:05:18 PM,01/18/2024 03:33:32 PM
748,"LINESTRING (-122.409478166 37.731255097, -122.409043771 37.73020274)",5,11966000,20908000,SILVER AVE,Excelsior,B,ST,SOMERSET ST,SILLIMAN ST,94134,1,0.07637902,Silver to Woolsey,Implemented,2,06/01/2020 05:00:00 PM,MTA,Non-local access,9,10/13/2020 04:05:18 PM,01/18/2024 03:33:32 PM
3530,"LINESTRING (-122.416566641 37.755568278, -122.417658993 37.755502498)",5,1189000,24081000,SOUTH VAN NESS AVE,Inner Mission,B,ST,22ND ST,CAPP ST,94110,1,0.05998628,Bryant to Chattanooga,Planned,,,MTA,,9,03/01/2023 02:13:09 PM,01/18/2024 03:33:32 PM
3523,"LINESTRING (-122.409433069 37.755998442, -122.410373354 37.755941773)",5,1182000,23971000,BRYANT ST,Inner Mission,B,ST,22ND ST,FLORIDA ST,94110,1,0.0516355,Bryant to Chattanooga,Planned,,,MTA,,9,03/01/2023 02:13:09 PM,01/18/2024 03:33:32 PM
3543,"LINESTRING (-122.410758543 37.759133959, -122.411579841 37.759084056)",5,1048000,24029000,FLORIDA ST,Inner Mission,B,ST,20TH ST,ALABAMA ST,94110,1,0.04510159,Shotwell to Potrero,Implemented,,02/28/2023 04:00:00 PM,MTA,,9,04/20/2023 11:12:17 AM,01/18/2024 03:33:32 PM
663,"LINESTRING (-122.416548538 37.766871472, -122.416387523 37.765249494)",5,11833000,24338000,15TH ST,The Mission,B,ST,SHOTWELL ST,16TH ST,94103,1,0.11221078,14th St to Cesar Chavez,Implemented,2,05/19/2020 05:00:00 PM,MTA,Non-local access,9,10/13/2020 04:05:18 PM,01/18/2024 03:33:32 PM
1757,"LINESTRING (-122.442551534 37.719620848, -122.443085531 37.719382879)",5,3839000,22059000,SENECA AVE,Outer Mission,B,AVE,CAYUGA AVE,NAVAJO AVE,94112,1,0.03354373,Naglee to Rousseau,Implemented,3,07/31/2023 05:00:00 PM,MTA,Non-local access,11,09/20/2023 03:06:06 PM,01/18/2024 03:33:32 PM
1296,"LINESTRING (-122.502434852 37.773603523, -122.503508219 37.773554325)",5,3509000,27879000,42ND AVE,Outer Richmond,B,ST,CABRILLO ST,43RD AVE,94121,1,0.05885853,23rd Ave to 45th Ave,Implemented,3,10/20/2020 05:00:00 PM,MTA,Non-local access,1,04/28/2023 02:29:50 PM,01/18/2024 03:33:32 PM
1613,"LINESTRING (-122.440805573 37.789872296, -122.442476421 37.789662961)",5,4116000,26824000,DIVISADERO ST,Pacific Heights,B,ST,CLAY ST,BRODERICK ST,94115,1,0.09258193,Arguello to Steiner,Implemented,3,10/05/2020 05:00:00 PM,MTA,Non-local access,2,10/13/2020 04:05:18 PM,01/18/2024 03:33:32 PM
458,"LINESTRING (-122.441865641 37.778299554, -122.44350692 37.778089213)",5,6278000,26359000,BAKER ST,Western Addition,B,AVE,GOLDEN GATE AVE,LYON ST,94115,1,0.09100856,Masonic to Parker,Implemented,2,06/09/2020 05:00:00 PM,MTA,Non-local access,"2, 5",04/20/2023 12:00:31 PM,01/18/2024 03:33:32 PM
1617,"LINESTRING (-122.447148008 37.789071388, -122.448835781 37.788856512)",5,4120000,26850000,PRESIDIO AVE,Presidio Heights,B,ST,CLAY ST,WALNUT ST,94118,1,0.09355781,Arguello to Steiner,Implemented,3,10/05/2020 05:00:00 PM,MTA,Non-local access,2,10/13/2020 04:05:18 PM,01/18/2024 03:33:32 PM
747,"LINESTRING (-122.40655319 37.724194227, -122.406286973 37.723556947)",5,11972000,20885000,WOOLSEY ST,Excelsior,B,ST,SOMERSET ST,KAREN CT,94134,1,0.04630771,Silver to Woolsey,Implemented,2,06/01/2020 05:00:00 PM,MTA,Non-local access,9,10/13/2020 04:05:18 PM,01/18/2024 03:33:32 PM
1737,"LINESTRING (-122.433854274 37.730328184, -122.434218784 37.730227279)",5,3824000,21790000,BADGER ST,Outer Mission,B,AVE,CAYUGA AVE,GORHAM ST,94112,1,0.02114447,Naglee to Rousseau,Implemented,3,07/31/2023 05:00:00 PM,MTA,Non-local access,11,09/20/2023 03:06:06 PM,01/18/2024 03:33:32 PM
750,"LINESTRING (-122.407056461 37.72539995, -122.40655319 37.724194227)",5,11971000,20886000,WAYLAND ST,Excelsior,B,ST,SOMERSET ST,WOOLSEY ST,94134,1,0.08760629,Silver to Woolsey,Implemented,2,06/01/2020 05:00:00 PM,MTA,Non-local access,9,10/13/2020 04:05:18 PM,01/18/2024 03:33:32 PM
650,"LINESTRING (-122.482591529 37.780189472, -122.48245296 37.778262885)",5,1214000,27541000,GEARY BLVD,Outer Richmond,B,AVE,23RD AVE,ANZA ST,94121,1,0.13308875,Lake to Cabrillo,Implemented,2,06/09/2020 05:00:00 PM,MTA,Non-local access,1,10/13/2020 04:05:18 PM,01/18/2024 03:33:32 PM
3551,"LINESTRING (-122.447802195 37.777546207, -122.448683318 37.777432893)",5,6282000,26391000,ANNAPOLIS TER,Lone Mountain,B,AVE,GOLDEN GATE AVE,TAMALPAIS TER,94118,1,0.04886285,Masonic to Parker,Implemented,,02/28/2023 04:00:00 PM,MTA,,1,04/20/2023 12:07:52 PM,01/18/2024 03:33:32 PM
441,"LINESTRING (-122.474382842 37.786238018, -122.475503914 37.786181462)",5,8024000,27625000,15TH AVE,Inner Richmond,B,ST,LAKE ST,16TH AVE,94118,1,0.06148561,28th Avenue to Arguello Boulevard,Implemented,1,04/30/2020 05:00:00 PM,MTA,Non-local access,1,11/23/2021 04:11:01 PM,01/18/2024 03:33:32 PM
446,"LINESTRING (-122.478713573 37.78603127, -122.479785677 37.785982618)",5,8028000,27637000,19TH AVE,Outer Richmond,B,ST,LAKE ST,20TH AVE,94121,1,0.05877752,28th Avenue to Arguello Boulevard,Implemented,1,04/30/2020 05:00:00 PM,MTA,Non-local access,1,11/23/2021 04:11:01 PM,01/18/2024 03:33:32 PM
450,"LINESTRING (-122.466830335 37.786568136, -122.466948648 37.786575772, -122.467898459 37.786533455)",5,8016000,27601000,08TH AVE,Inner Richmond,B,ST,LAKE ST,09TH AVE,94118,1,0.05856662,28th Avenue to Arguello Boulevard,Implemented,1,04/30/2020 05:00:00 PM,MTA,Non-local access,1,11/23/2021 04:11:01 PM,01/18/2024 03:33:32 PM
1619,"LINESTRING (-122.45541928 37.788018102, -122.457058054 37.787809344)",5,4125000,27568000,MAPLE ST,Presidio Heights,B,ST,CLAY ST,CHERRY ST,94118,1,0.09084423,Arguello to Steiner,Implemented,3,10/05/2020 05:00:00 PM,MTA,Non-local access,2,10/13/2020 04:05:18 PM,01/18/2024 03:33:32 PM
1622,"LINESTRING (-122.450480246 37.788647125, -122.452126437 37.788437494)",5,4122000,26921000,LAUREL ST,Presidio Heights,B,ST,CLAY ST,LOCUST ST,94118,1,0.09125385,Arguello to Steiner,Implemented,3,10/05/2020 05:00:00 PM,MTA,Non-local access,2,10/13/2020 04:05:18 PM,01/18/2024 03:33:32 PM
98,"LINESTRING (-122.43228011 37.772829248, -122.433922188 37.772620311)",5,10176000,25995000,STEINER ST,Western Addition,B,ST,PAGE ST,PIERCE ST,94117,1,0.0910429,Stanyan to Gough,Implemented,1,04/30/2020 05:00:00 PM,MTA,Non-local access,5,10/13/2020 04:05:18 PM,01/18/2024 03:33:32 PM
3846,"LINESTRING (-122.398879207 37.782224235, -122.399349285 37.782595912)",5,8117000,24580000,RIZAL ST,Financial District South,B,ST,LAPU-LAPU ST,BONIFACIO ST,94107,1,0.03632042,Harrison Street to Folsom Street,Implemented,4,12/29/1899 04:00:13 PM,,,6,05/22/2023 03:55:31 PM,01/18/2024 03:33:32 PM
2564,"LINESTRING (-122.469521965 37.763895944, -122.469391826 37.762034108)",5,528000,27171000,IRVING ST,Inner Sunset,B,AVE,12TH AVE,JUDAH ST,94122,1,0.12860386,Lincoln Way to Lawton,Implemented,4,07/19/2021 05:00:00 PM,MTA,Non-local access,7,04/20/2023 11:36:44 AM,01/18/2024 03:33:32 PM
2563,"LINESTRING (-122.469391826 37.762034108, -122.469263156 37.760170586)",5,529000,27161000,JUDAH ST,Inner Sunset,B,AVE,12TH AVE,KIRKHAM ST,94122,1,0.1287155,Lincoln Way to Lawton,Implemented,4,07/19/2021 05:00:00 PM,MTA,Non-local access,7,04/20/2023 11:36:44 AM,01/18/2024 03:33:32 PM
1669,"LINESTRING (-122.424502659 37.739860151, -122.424818964 37.739075515, -122.42487023 37.739011396)",5,2447000,21839000,RANDALL ST,Glen Park,B,ST,ARLINGTON ST,FAIRMOUNT ST,94131,1,0.0620578,Roanoke to Randall,Implemented,3,11/29/2020 04:00:00 PM,MTA,Non-local access,8,11/30/2020 03:25:20 PM,01/18/2024 03:33:32 PM
1656,"LINESTRING (-122.433572208 37.769178369, -122.433408259 37.767461583)",5,9607000,25984000,DUBOCE AVE,Castro/Upper Market,B,ST,NOE ST,14TH ST,94114,1,0.11874241,Duboce to 18th St,Implemented,3,09/29/2020 05:00:00 PM,MTA,Non-local access,8,10/13/2020 04:05:18 PM,01/18/2024 03:33:32 PM
688,"LINESTRING (-122.429731302 37.752362003, -122.42965871 37.751570854)",5,11528000,25654000,ELIZABETH ST,Noe Valley,B,ST,SANCHEZ ST,24TH ST,94114,1,0.05470814,23rd St to 30th St,Implemented,2,05/19/2020 05:00:00 PM,MTA,Non-local access,8,10/13/2020 04:05:18 PM,01/18/2024 03:33:32 PM
3545,"LINESTRING (-122.41250093 37.759028146, -122.413599748 37.758961798)",5,1050000,24035000,HARRISON ST,Inner Mission,B,ST,20TH ST,TREAT AVE,94110,1,0.0603395,Shotwell to Potrero,Implemented,,02/28/2023 04:00:00 PM,MTA,,9,04/20/2023 11:12:17 AM,01/18/2024 03:33:32 PM
674,"LINESTRING (-122.414861248 37.749237866, -122.414824139 37.748851184, -122.414975499 37.74878269, -122.414918963 37.748230731)",5,11844000,21293000,26TH ST,The Mission,B,ST,SHOTWELL ST,CESAR CHAVEZ ST,94110,1,0.07447908,14th St to Cesar Chavez,Implemented,2,05/19/2020 05:00:00 PM,MTA,Non-local access,9,10/13/2020 04:05:18 PM,01/18/2024 03:33:32 PM
665,"LINESTRING (-122.415473275 37.755634108, -122.415320139 37.754033534)",5,11840000,24078000,22ND ST,The Mission,B,ST,SHOTWELL ST,23RD ST,94110,1,0.1107056,14th St to Cesar Chavez,Implemented,2,05/19/2020 05:00:00 PM,MTA,Non-local access,9,10/13/2020 04:05:18 PM,01/18/2024 03:33:32 PM
664,"LINESTRING (-122.415320139 37.754033534, -122.415172289 37.752439645)",5,11841000,24065000,23RD ST,The Mission,B,ST,SHOTWELL ST,24TH ST,94110,1,0.11022423,14th St to Cesar Chavez,Implemented,2,05/19/2020 05:00:00 PM,MTA,Non-local access,9,10/13/2020 04:05:18 PM,01/18/2024 03:33:32 PM
3525,"LINESTRING (-122.41127262 37.755887569, -122.412197892 37.755832511)",5,1184000,23993000,ALABAMA ST,Inner Mission,B,ST,22ND ST,HARRISON ST,94110,1,0.05080747,Bryant to Chattanooga,Planned,,,MTA,,9,03/01/2023 02:13:09 PM,01/18/2024 03:33:32 PM
3524,"LINESTRING (-122.410373354 37.755941773, -122.41127262 37.755887569)",5,1183000,23992000,FLORIDA ST,Inner Mission,B,ST,22ND ST,ALABAMA ST,94110,1,0.04938302,Bryant to Chattanooga,Planned,,,MTA,,9,03/01/2023 02:13:09 PM,01/18/2024 03:33:32 PM
666,"LINESTRING (-122.415626197 37.757232409, -122.415473275 37.755634108)",5,11839000,24080000,21ST ST,The Mission,B,ST,SHOTWELL ST,22ND ST,94110,1,0.11054842,14th St to Cesar Chavez,Implemented,2,05/19/2020 05:00:00 PM,MTA,Non-local access,9,10/13/2020 04:05:18 PM,01/18/2024 03:33:32 PM
1715,"LINESTRING (-122.390817277 37.764200764, -122.390698494 37.762925747)",5,9053000,23652000,MARIPOSA ST,Potrero Hill,B,ST,MINNESOTA ST,18TH ST,94107,1,0.08817504,Mariposa to 22nd St,Implemented,3,10/05/2020 05:00:00 PM,MTA,Non-local access,10,10/13/2020 04:05:18 PM,01/18/2024 03:33:32 PM
1739,"LINESTRING (-122.430578486 37.731234944, -122.431392972 37.731009499)",5,3820000,21782000,ROTTECK ST,Outer Mission,B,AVE,CAYUGA AVE,LYELL ST,94112,1,0.04724561,Naglee to Rousseau,Implemented,3,07/31/2023 05:00:00 PM,MTA,Non-local access,11,09/20/2023 03:06:06 PM,01/18/2024 03:33:32 PM
1746,"LINESTRING (-122.446944516 37.716186891, -122.447510303 37.715741874)",5,3846000,21529000,OTTAWA AVE,Outer Mission,B,AVE,CAYUGA AVE,ROME ST,94112,1,0.0436213,Naglee to Rousseau,Implemented,3,07/31/2023 05:00:00 PM,MTA,Non-local access,11,09/20/2023 03:06:06 PM,01/18/2024 03:33:32 PM
1735,"LINESTRING (-122.437933627 37.725094456, -122.438272434 37.724469324, -122.438684008 37.723809325)",5,3830000,21800000,SAN JUAN AVE,Outer Mission,B,AVE,CAYUGA AVE,SANTA YNEZ AVE,94112,1,0.09773488,Naglee to Rousseau,Implemented,3,07/31/2023 05:00:00 PM,MTA,Non-local access,11,09/20/2023 03:06:06 PM,01/18/2024 03:33:32 PM
1733,"LINESTRING (-122.438808574 37.723601276, -122.439350074 37.722733433)",5,3832000,21758000,OCEAN AVE,Outer Mission,B,AVE,CAYUGA AVE,VALERTON CT,94112,1,0.06680042,Naglee to Rousseau,Implemented,3,07/31/2023 05:00:00 PM,MTA,Non-local access,11,09/20/2023 03:06:06 PM,01/18/2024 03:33:32 PM
189,"LINESTRING (-122.422407117 37.774084975, -122.423947061 37.773889238)",5,10170000,24456000,GOUGH ST,Western Addition,B,ST,PAGE ST,OCTAVIA ST,94102,1,0.08537657,Stanyan to Gough,Implemented,1,04/30/2020 05:00:00 PM,MTA,Non-local access,6,10/13/2020 04:05:18 PM,01/18/2024 03:33:32 PM
690,"LINESTRING (-122.428805595 37.742764288, -122.428728579 37.741963991)",5,11540000,21909000,DAY ST,Noe Valley,B,ST,SANCHEZ ST,30TH ST,94131,1,0.05535528,23rd St to 30th St,Implemented,2,05/19/2020 05:00:00 PM,MTA,Non-local access,8,10/13/2020 04:05:18 PM,01/18/2024 03:33:32 PM
3533,"LINESTRING (-122.419857943 37.75536573, -122.420964093 37.755294783)",5,1192000,24112000,BARTLETT ST,Inner Mission,B,ST,22ND ST,VALENCIA ST,94110,1,0.06076751,Bryant to Chattanooga,Planned,,,MTA,,9,03/01/2023 02:13:09 PM,01/18/2024 03:33:32 PM
749,"LINESTRING (-122.408548511 37.729002898, -122.408051888 37.727799712)",5,11968000,20900000,FELTON ST,Excelsior,B,ST,SOMERSET ST,BURROWS ST,94134,1,0.08732573,Silver to Woolsey,Implemented,2,06/01/2020 05:00:00 PM,MTA,Non-local access,9,10/13/2020 04:05:19 PM,01/18/2024 03:33:32 PM
1753,"LINESTRING (-122.43574963 37.728670911, -122.43637197 37.727964143, -122.436805493 37.72716839)",5,3828000,21798000,COTTER ST,Outer Mission,B,AVE,CAYUGA AVE,SANTA ROSA AVE,94112,1,0.11928039,Naglee to Rousseau,Implemented,3,07/31/2023 05:00:00 PM,MTA,Non-local access,11,09/20/2023 03:06:06 PM,01/18/2024 03:33:32 PM
1762,"LINESTRING (-122.448076448 37.715296568, -122.44874245 37.714772706)",5,3848000,21565000,FOOTE AVE,Outer Mission,B,AVE,CAYUGA AVE,MODOC AVE,94112,1,0.05134908,Naglee to Rousseau,Implemented,3,07/31/2023 05:00:00 PM,MTA,Non-local access,11,09/20/2023 03:06:06 PM,01/18/2024 03:33:32 PM
1744,"LINESTRING (-122.44874245 37.714772706, -122.449405635 37.714251052)",5,3849000,21566000,MODOC AVE,Outer Mission,B,AVE,CAYUGA AVE,NAGLEE AVE,94112,1,0.05113245,Naglee to Rousseau,Implemented,3,07/31/2023 05:00:00 PM,MTA,Non-local access,11,09/20/2023 03:06:06 PM,01/18/2024 03:33:32 PM
429,"LINESTRING (-122.464693461 37.786670438, -122.465760339 37.786627327)",5,8014000,27598000,06TH AVE,Inner Richmond,B,ST,LAKE ST,07TH AVE,94118,1,0.05847076,28th Avenue to Arguello Boulevard,Implemented,1,04/30/2020 05:00:00 PM,MTA,Non-local access,1,11/23/2021 04:11:01 PM,01/18/2024 03:33:32 PM
430,"LINESTRING (-122.488140379 37.785611775, -122.488200689 37.785534691, -122.488316398 37.785329315, -122.488324815 37.785205583)",5,8037000,28020000,28TH AVE,Seacliff,B,ST,LAKE ST,28TH AVE,94121,1,0.0303196,28th Avenue to Arguello Boulevard,Implemented,1,04/30/2020 05:00:00 PM,MTA,Non-local access,1,11/23/2021 04:11:01 PM,01/18/2024 03:33:32 PM
3550,"LINESTRING (-122.44684647 37.777669109, -122.447802195 37.777546207)",5,6281000,26383000,MASONIC AVE,Lone Mountain,B,AVE,GOLDEN GATE AVE,ANNAPOLIS TER,94118,1,0.05299977,Masonic to Parker,Implemented,,02/28/2023 04:00:00 PM,MTA,,1,04/20/2023 12:07:52 PM,01/18/2024 03:33:32 PM
434,"LINESTRING (-122.479785677 37.785982618, -122.4808601 37.785933963)",5,8029000,27638000,20TH AVE,Outer Richmond,B,ST,LAKE ST,21ST AVE,94121,1,0.05890429,28th Avenue to Arguello Boulevard,Implemented,1,04/30/2020 05:00:00 PM,MTA,Non-local access,1,11/23/2021 04:11:01 PM,01/18/2024 03:33:32 PM
3843,"LINESTRING (-122.482183772 37.774534489, -122.483254696 37.774485588)",5,3490000,27514000,23RD AVE,Central Richmond,B,ST,CABRILLO ST,24TH AVE,94121,1,0.05872308,23rd Ave to 45th Ave,Implemented,3,12/05/2023 04:00:00 PM,MTA,,1,04/28/2023 02:33:11 PM,01/18/2024 03:33:32 PM
1293,"LINESTRING (-122.485296901 37.774387725, -122.486368282 37.774338773)",5,3493000,27522000,26TH AVE,Outer Richmond,B,ST,CABRILLO ST,27TH AVE,94121,1,0.05874838,23rd Ave to 45th Ave,Implemented,3,10/20/2020 05:00:00 PM,MTA,Non-local access,1,04/28/2023 02:29:50 PM,01/18/2024 03:33:32 PM
1602,"LINESTRING (-122.500285955 37.773701991, -122.501362356 37.773652673)",5,3507000,27873000,40TH AVE,Outer Richmond,B,ST,CABRILLO ST,41ST AVE,94121,1,0.05902474,23rd Ave to 45th Ave,Implemented,3,10/20/2020 05:00:00 PM,MTA,Non-local access,1,04/28/2023 02:29:50 PM,01/18/2024 03:33:32 PM
1290,"LINESTRING (-122.488505758 37.774241084, -122.489579477 37.774191997)",5,3496000,27812000,29TH AVE,Outer Richmond,B,ST,CABRILLO ST,30TH AVE,94121,1,0.05887681,23rd Ave to 45th Ave,Implemented,3,10/20/2020 05:00:00 PM,MTA,Non-local access,1,04/28/2023 02:29:50 PM,01/18/2024 03:33:32 PM
641,"LINESTRING (-122.44350692 37.778089213, -122.445155753 37.777886507)",5,6279000,26375000,,Western Addition,B,AVE,GOLDEN GATE AVE,,94115,1,0.09133498,Masonic to Parker,Implemented,2,06/09/2020 05:00:00 PM,MTA,Non-local access,2,04/20/2023 12:00:31 PM,01/18/2024 03:33:32 PM
2598,"LINESTRING (-122.44350692 37.778089213, -122.44369911 37.779038019)",5,8561000,26375000,GOLDEN GATE AVE,North Panhandle,B,ST,LYON ST,TURK BLVD,94115,1,0.06627735,Turk Street to Haight Street,Implemented,4,07/06/2021 05:00:00 PM,MTA,Non-local access,2,07/07/2021 04:22:50 PM,01/18/2024 03:33:32 PM
1620,"LINESTRING (-122.453768965 37.788228306, -122.45541928 37.788018102)",5,4124000,26946000,SPRUCE ST,Presidio Heights,B,ST,CLAY ST,MAPLE ST,94118,1,0.09148348,Arguello to Steiner,Implemented,3,10/05/2020 05:00:00 PM,MTA,Non-local access,2,10/13/2020 04:05:18 PM,01/18/2024 03:33:32 PM
110,"LINESTRING (-122.42570021 37.77366623, -122.427357436 37.773455462)",5,10172000,25908000,LAGUNA ST,Western Addition,B,ST,PAGE ST,BUCHANAN ST,94102,1,0.0918807,Stanyan to Gough,Implemented,1,04/30/2020 05:00:00 PM,MTA,Non-local access,5,10/13/2020 04:05:18 PM,01/18/2024 03:33:32 PM
1665,"LINESTRING (-122.427155508 37.736684951, -122.428429228 37.735857451)",5,2451000,21855000,MIGUEL ST,Glen Park,B,ST,ARLINGTON ST,MATEO ST,94131,1,0.09013336,Roanoke to Randall,Implemented,3,11/29/2020 04:00:00 PM,MTA,Non-local access,8,11/30/2020 03:25:20 PM,01/18/2024 03:33:32 PM
1667,"LINESTRING (-122.425277591 37.738209207, -122.425510251 37.737753779)",5,2449000,21844000,CHARLES ST,Glen Park,B,ST,ARLINGTON ST,HIGHLAND AVE,94131,1,0.03389611,Roanoke to Randall,Implemented,3,11/29/2020 04:00:00 PM,MTA,Non-local access,8,11/30/2020 03:25:20 PM,01/18/2024 03:33:32 PM
1671,"LINESTRING (-122.428429228 37.735857451, -122.428993988 37.73548526)",5,2452000,21856000,MATEO ST,Glen Park,B,ST,ARLINGTON ST,SAINT MARY'S AVE,94131,1,0.04019646,Roanoke to Randall,Implemented,3,11/29/2020 04:00:00 PM,MTA,Non-local access,8,11/30/2020 03:25:20 PM,01/18/2024 03:33:32 PM
692,"LINESTRING (-122.429193199 37.746762928, -122.429154542 37.746359627, -122.429116242 37.745960041)",5,11535000,21920000,27TH ST,Noe Valley,B,ST,SANCHEZ ST,DUNCAN ST,94131,1,0.05553317,23rd St to 30th St,Implemented,2,05/19/2020 05:00:00 PM,MTA,Non-local access,8,10/13/2020 04:05:18 PM,01/18/2024 03:33:32 PM
744,"LINESTRING (-122.408051888 37.727799712, -122.407556405 37.726599246)",5,11969000,20892000,BURROWS ST,Excelsior,B,ST,SOMERSET ST,BACON ST,94134,1,0.08712814,Silver to Woolsey,Implemented,2,06/01/2020 05:00:00 PM,MTA,Non-local access,9,10/13/2020 04:05:18 PM,01/18/2024 03:33:32 PM
1763,"LINESTRING (-122.445807538 37.717080229, -122.446944516 37.716186891)",5,3845000,22091000,MOUNT VERNON AVE,Outer Mission,B,AVE,CAYUGA AVE,OTTAWA AVE,94112,1,0.08761294,Naglee to Rousseau,Implemented,3,07/31/2023 05:00:00 PM,MTA,Non-local access,11,09/20/2023 03:06:06 PM,01/18/2024 03:33:32 PM
1761,"LINESTRING (-122.449405635 37.714251052, -122.449823254 37.71392255)",0,3850000,0,NAGLEE AVE,Outer Mission,,,CAYUGA AVE,END: 1800-1899 BLOCK,94112,1,0.03219944,Naglee to Rousseau,Implemented,3,07/31/2023 05:00:00 PM,MTA,Non-local access,11,09/20/2023 03:06:06 PM,01/18/2024 03:33:32 PM
1738,"LINESTRING (-122.431392972 37.731009499, -122.432220515 37.730780434)",5,3821000,21784000,LYELL ST,Outer Mission,B,AVE,CAYUGA AVE,DANTON ST,94112,1,0.04800327,Naglee to Rousseau,Implemented,3,07/31/2023 05:00:00 PM,MTA,Non-local access,11,09/20/2023 03:06:06 PM,01/18/2024 03:33:32 PM
461,"LINESTRING (-122.445155753 37.777886507, -122.44684647 37.777669109)",5,6280000,26384000,CENTRAL AVE,Western Addition,B,AVE,GOLDEN GATE AVE,MASONIC AVE,94118,1,0.09375834,Masonic to Parker,Implemented,2,06/09/2020 05:00:00 PM,MTA,Non-local access,"1, 2",04/20/2023 12:00:31 PM,01/18/2024 03:33:32 PM
686,"LINESTRING (-122.429270027 37.747564467, -122.429193199 37.746762928)",5,11534000,21921000,CESAR CHAVEZ ST,Noe Valley,B,ST,SANCHEZ ST,27TH ST,94131,1,0.05543994,23rd St to 30th St,Implemented,2,05/19/2020 05:00:00 PM,MTA,Non-local access,8,10/13/2020 04:05:18 PM,01/18/2024 03:33:32 PM
3522,"LINESTRING (-122.42545718 37.755029079, -122.426634008 37.754962268)",5,1199000,25631000,DOLORES ST,Noe Valley,B,ST,22ND ST,CHATTANOOGA ST,94114,1,0.06460517,Bryant to Chattanooga,Planned,,,MTA,,8,03/01/2023 02:13:09 PM,01/18/2024 03:33:32 PM
671,"LINESTRING (-122.416077986 37.762034002, -122.415928746 37.760433261)",5,11836000,24127000,18TH ST,The Mission,B,ST,SHOTWELL ST,19TH ST,94110,1,0.1107012,14th St to Cesar Chavez,Implemented,2,05/19/2020 05:00:00 PM,MTA,Non-local access,9,10/13/2020 04:05:18 PM,01/18/2024 03:33:32 PM
3539,"LINESTRING (-122.406946874 37.759365489, -122.407940025 37.759305174)",5,1044000,24001000,POTRERO AVE,Inner Mission,B,ST,20TH ST,HAMPSHIRE ST,94110,1,0.05453857,Shotwell to Potrero,Implemented,,02/28/2023 04:00:00 PM,MTA,,"9, 10",04/20/2023 11:12:17 AM,01/18/2024 03:33:32 PM
669,"LINESTRING (-122.415779298 37.758830232, -122.415626197 37.757232409)",5,11838000,24124000,20TH ST,The Mission,B,ST,SHOTWELL ST,21ST ST,94110,1,0.1105163,14th St to Cesar Chavez,Implemented,2,05/19/2020 05:00:00 PM,MTA,Non-local access,9,10/13/2020 04:05:18 PM,01/18/2024 03:33:32 PM
1755,"LINESTRING (-122.434676737 37.729889314, -122.435195772 37.729299892)",5,3826000,21805000,TINGLEY ST,Outer Mission,B,AVE,CAYUGA AVE,THERESA ST,94112,1,0.04960652,Naglee to Rousseau,Implemented,3,07/31/2023 05:00:00 PM,MTA,Non-local access,11,09/20/2023 03:06:06 PM,01/18/2024 03:33:32 PM
448,"LINESTRING (-122.486223795 37.785697129, -122.487286365 37.785648841)",5,8035000,27658000,26TH AVE,Outer Richmond,B,ST,LAKE ST,27TH AVE,94121,1,0.05825536,28th Avenue to Arguello Boulevard,Implemented,1,04/30/2020 05:00:00 PM,MTA,Non-local access,1,11/23/2021 04:11:01 PM,01/18/2024 03:33:32 PM
447,"LINESTRING (-122.47262579 37.786314806, -122.473255083 37.786288101)",5,8022000,27628000,PARK PRESIDIO BLVD,Inner Richmond,B,ST,LAKE ST,14TH AVE,94118,1,0.03449345,28th Avenue to Arguello Boulevard,Implemented,1,04/30/2020 05:00:00 PM,MTA,Non-local access,1,11/23/2021 04:11:01 PM,01/18/2024 03:33:32 PM
3549,"LINESTRING (-122.452233766 37.776976223, -122.453188328 37.776853426)",5,6287000,26474000,TEMESCAL TER,Lone Mountain,B,AVE,GOLDEN GATE AVE,PARKER AVE,94118,1,0.05293625,Masonic to Parker,Implemented,,02/28/2023 04:00:00 PM,MTA,,1,04/20/2023 12:07:52 PM,01/18/2024 03:33:32 PM
1292,"LINESTRING (-122.486368282 37.774338773, -122.487433564 37.774290092)",5,3494000,27526000,27TH AVE,Outer Richmond,B,ST,CABRILLO ST,28TH AVE,94121,1,0.05841402,23rd Ave to 45th Ave,Implemented,3,10/20/2020 05:00:00 PM,MTA,Non-local access,1,04/28/2023 02:29:50 PM,01/18/2024 03:33:32 PM
436,"LINESTRING (-122.463617943 37.78672158, -122.464693461 37.786670438)",5,8013000,27595000,05TH AVE,Inner Richmond,B,ST,LAKE ST,06TH AVE,94118,1,0.05897355,28th Avenue to Arguello Boulevard,Implemented,1,04/30/2020 05:00:00 PM,MTA,Non-local access,1,11/23/2021 04:11:01 PM,01/18/2024 03:33:32 PM
133,"LINESTRING (-122.445535278 37.771141934, -122.447122701 37.770934641)",5,10184000,26344000,MASONIC AVE,Haight Ashbury,B,ST,PAGE ST,ASHBURY ST,94117,1,0.08807328,Stanyan to Gough,Implemented,1,04/30/2020 05:00:00 PM,MTA,Non-local access,5,10/13/2020 04:05:18 PM,01/18/2024 03:33:32 PM
187,"LINESTRING (-122.448767914 37.770730884, -122.450407506 37.770519318)",5,10186000,26415000,CLAYTON ST,Haight Ashbury,B,ST,PAGE ST,COLE ST,94117,1,0.09093994,Stanyan to Gough,Implemented,1,04/30/2020 05:00:00 PM,MTA,Non-local access,5,10/13/2020 04:05:18 PM,01/18/2024 03:33:32 PM
1,"LINESTRING (-122.442187879 37.771571038, -122.443836149 37.771358114)",5,10182000,26325000,LYON ST,Haight Ashbury,B,ST,PAGE ST,CENTRAL AVE,94117,1,0.0914229,Stanyan to Gough,Implemented,1,04/30/2020 05:00:00 PM,MTA,Non-local access,5,10/13/2020 04:05:18 PM,01/18/2024 03:33:32 PM
101,"LINESTRING (-122.427357436 37.773455462, -122.428990052 37.773247801)",5,10173000,25903000,BUCHANAN ST,Western Addition,B,ST,PAGE ST,WEBSTER ST,94102,1,0.09051676,Stanyan to Gough,Implemented,1,04/30/2020 05:00:00 PM,MTA,Non-local access,5,10/13/2020 04:05:18 PM,01/18/2024 03:33:32 PM
3848,"LINESTRING (-122.398341107 37.781798768, -122.398879207 37.782224235)",5,8116000,24579000,HARRISON ST,Financial District South,B,ST,LAPU-LAPU ST,RIZAL ST,94107,1,0.04157657,Harrison Street to Folsom Street,Implemented,4,12/29/1899 04:00:13 PM,,,6,05/22/2023 03:55:31 PM,01/18/2024 03:33:32 PM
2591,"LINESTRING (-122.451140811 37.73068111, -122.453408561 37.730672036)",5,6867000,22244000,GENNESSEE ST,Sunnyside,B,AVE,HEARST AVE,RIDGEWOOD AVE,94112,1,0.12421946,Ridgewood Avenue to Baden Street,Implemented,4,07/26/2021 05:00:00 PM,MTA,Non-local access,7,08/03/2021 11:50:20 AM,01/18/2024 03:33:32 PM
687,"LINESTRING (-122.429346499 37.748362264, -122.429270027 37.747564467)",5,11533000,21922000,26TH ST,Noe Valley,B,ST,SANCHEZ ST,CESAR CHAVEZ ST,94131,1,0.05518113,23rd St to 30th St,Implemented,2,05/19/2020 05:00:00 PM,MTA,Non-local access,8,10/13/2020 04:05:18 PM,01/18/2024 03:33:32 PM
681,"LINESTRING (-122.429036672 37.745165388, -122.428959473 37.74436324)",5,11537000,21913000,28TH ST,Noe Valley,B,ST,SANCHEZ ST,VALLEY ST,94131,1,0.05548335,23rd St to 30th St,Implemented,2,05/19/2020 05:00:00 PM,MTA,Non-local access,8,10/13/2020 04:05:18 PM,01/18/2024 03:33:32 PM
662,"LINESTRING (-122.415014331 37.750836982, -122.414861248 37.749237866)",5,11843000,24059000,25TH ST,The Mission,B,ST,SHOTWELL ST,26TH ST,94110,1,0.11060507,14th St to Cesar Chavez,Implemented,2,05/19/2020 05:00:00 PM,MTA,Non-local access,9,10/13/2020 04:05:18 PM,01/18/2024 03:33:32 PM
3542,"LINESTRING (-122.409770121 37.75919401, -122.410758543 37.759133959)",5,1047000,24008000,BRYANT ST,Inner Mission,B,ST,20TH ST,FLORIDA ST,94110,1,0.05427913,Shotwell to Potrero,Implemented,,02/28/2023 04:00:00 PM,MTA,,9,04/20/2023 11:12:17 AM,01/18/2024 03:33:32 PM
3531,"LINESTRING (-122.417658993 37.755502498, -122.418747574 37.755436937)",5,1190000,24082000,CAPP ST,Inner Mission,B,ST,22ND ST,MISSION ST,94110,1,0.05977929,Bryant to Chattanooga,Planned,,,MTA,,9,03/01/2023 02:13:09 PM,01/18/2024 03:33:32 PM
3540,"LINESTRING (-122.407940025 37.759305174, -122.408903725 37.759246641)",5,1045000,24002000,HAMPSHIRE ST,Inner Mission,B,ST,20TH ST,YORK ST,94110,1,0.05292136,Shotwell to Potrero,Implemented,,02/28/2023 04:00:00 PM,MTA,,9,04/20/2023 11:12:17 AM,01/18/2024 03:33:32 PM
1717,"LINESTRING (-122.390454252 37.760424346, -122.390210086 37.757825861)",5,9056000,23644000,20TH ST,Potrero Hill,B,ST,MINNESOTA ST,22ND ST,94107,1,0.17970914,Mariposa to 22nd St,Implemented,3,10/05/2020 05:00:00 PM,MTA,Non-local access,10,10/13/2020 04:05:19 PM,01/18/2024 03:33:32 PM
1745,"LINESTRING (-122.447510303 37.715741874, -122.448076448 37.715296568)",5,3847000,21564000,ROME ST,Outer Mission,B,AVE,CAYUGA AVE,FOOTE AVE,94112,1,0.04364939,Naglee to Rousseau,Implemented,3,07/31/2023 05:00:00 PM,MTA,Non-local access,11,09/20/2023 03:06:06 PM,01/18/2024 03:33:32 PM
1764,"LINESTRING (-122.445246154 37.717521261, -122.445807538 37.717080229)",5,3844000,22092000,SHAWNEE AVE,Outer Mission,B,AVE,CAYUGA AVE,MOUNT VERNON AVE,94112,1,0.04325614,Naglee to Rousseau,Implemented,3,07/31/2023 05:00:00 PM,MTA,Non-local access,11,09/20/2023 03:06:06 PM,01/18/2024 03:33:32 PM
1748,"LINESTRING (-122.444190955 37.718470082, -122.44470621 37.717995411)",5,3842000,22090000,SEMINOLE AVE,Outer Mission,B,AVE,CAYUGA AVE,NIAGARA AVE,94112,1,0.04322641,Naglee to Rousseau,Implemented,3,07/31/2023 05:00:00 PM,MTA,Non-local access,11,09/20/2023 03:06:06 PM,01/18/2024 03:33:32 PM
1756,"LINESTRING (-122.443085531 37.719382879, -122.443696073 37.718928673)",5,3840000,22089000,NAVAJO AVE,Outer Mission,B,AVE,CAYUGA AVE,GENEVA AVE,94112,1,0.04582628,Naglee to Rousseau,Implemented,3,07/31/2023 05:00:00 PM,MTA,Non-local access,11,09/20/2023 03:06:06 PM,01/18/2024 03:33:32 PM
1736,"LINESTRING (-122.434218784 37.730227279, -122.434472333 37.730117313, -122.434676737 37.729889314)",5,3825000,33384000,GORHAM ST,Outer Mission,B,AVE,CAYUGA AVE,TINGLEY ST,94112,1,0.03512761,Naglee to Rousseau,Implemented,3,07/31/2023 05:00:00 PM,MTA,Non-local access,11,09/20/2023 03:06:06 PM,01/18/2024 03:33:32 PM
1754,"LINESTRING (-122.435195772 37.729299892, -122.43574963 37.728670911)",5,3827000,21804000,THERESA ST,Outer Mission,B,AVE,CAYUGA AVE,COTTER ST,94112,1,0.05293562,Naglee to Rousseau,Implemented,3,07/31/2023 05:00:00 PM,MTA,Non-local access,11,09/20/2023 03:06:06 PM,01/18/2024 03:33:32 PM
1285,"LINESTRING (-122.496014994 37.773897578, -122.497082371 37.773848713)",5,3503000,27831000,36TH AVE,Outer Richmond,B,ST,CABRILLO ST,37TH AVE,94121,1,0.05852959,23rd Ave to 45th Ave,Implemented,3,10/20/2020 05:00:00 PM,MTA,Non-local access,1,04/28/2023 02:29:50 PM,01/18/2024 03:33:32 PM
1666,"LINESTRING (-122.425510251 37.737753779, -122.427155508 37.736684951)",5,2450000,21832000,HIGHLAND AVE,Glen Park,B,ST,ARLINGTON ST,MIGUEL ST,94131,1,0.11642173,Roanoke to Randall,Implemented,3,11/29/2020 04:00:00 PM,MTA,Non-local access,8,11/30/2020 03:25:20 PM,01/18/2024 03:33:32 PM
1758,"LINESTRING (-122.441400989 37.719865362, -122.442551534 37.719620848)",5,3838000,22055000,JUNIOR TER,Outer Mission,B,AVE,CAYUGA AVE,SENECA AVE,94112,1,0.06524816,Naglee to Rousseau,Implemented,3,07/31/2023 05:00:00 PM,MTA,Non-local access,11,09/20/2023 03:06:06 PM,01/18/2024 03:33:32 PM
1603,"LINESTRING (-122.499218503 37.773750889, -122.500285955 37.773701991)",5,3506000,27867000,39TH AVE,Outer Richmond,B,ST,CABRILLO ST,40TH AVE,94121,1,0.05853394,23rd Ave to 45th Ave,Implemented,3,10/20/2020 05:00:00 PM,MTA,Non-local access,1,04/28/2023 02:29:50 PM,01/18/2024 03:33:32 PM
1608,"LINESTRING (-122.503508219 37.773554325, -122.504579894 37.773505194)",5,3510000,27882000,43RD AVE,Outer Richmond,B,ST,CABRILLO ST,44TH AVE,94121,1,0.05876583,23rd Ave to 45th Ave,Implemented,3,10/20/2020 05:00:00 PM,MTA,Non-local access,1,04/28/2023 02:29:50 PM,01/18/2024 03:33:32 PM
456,"LINESTRING (-122.472185339 37.786333496, -122.47262579 37.786314806)",5,8021000,27627000,FUNSTON AVE,Inner Richmond,B,ST,LAKE ST,PARK PRESIDIO BLVD,94118,1,0.02414244,28th Avenue to Arguello Boulevard,Implemented,1,04/30/2020 05:00:00 PM,MTA,Non-local access,1,11/23/2021 04:11:01 PM,01/18/2024 03:33:32 PM
3552,"LINESTRING (-122.448683318 37.777432893, -122.449570826 37.777318749)",5,6283000,26455000,TAMALPAIS TER,Lone Mountain,B,AVE,GOLDEN GATE AVE,ROSELYN TER,94118,1,0.0492171,Masonic to Parker,Implemented,,02/28/2023 04:00:00 PM,MTA,,1,04/20/2023 12:07:52 PM,01/18/2024 03:33:32 PM
1288,"LINESTRING (-122.491723389 37.774093954, -122.492802443 37.774044593)",5,3499000,27818000,32ND AVE,Outer Richmond,B,ST,CABRILLO ST,33RD AVE,94121,1,0.05916959,23rd Ave to 45th Ave,Implemented,3,10/20/2020 05:00:00 PM,MTA,Non-local access,1,04/28/2023 02:29:50 PM,01/18/2024 03:33:32 PM
651,"LINESTRING (-122.482735197 37.782121759, -122.482591529 37.780189472)",5,1213000,27543000,CLEMENT ST,Outer Richmond,B,AVE,23RD AVE,GEARY BLVD,94121,1,0.13349741,Lake to Cabrillo,Implemented,2,06/09/2020 05:00:00 PM,MTA,Non-local access,1,10/13/2020 04:05:18 PM,01/18/2024 03:33:32 PM
463,"LINESTRING (-122.445155753 37.777886507, -122.44684647 37.777669109)",5,6280000,26384000,,Western Addition,B,AVE,GOLDEN GATE AVE,,94118,1,0.09375834,Masonic to Parker,Implemented,2,06/09/2020 05:00:00 PM,MTA,Non-local access,"1, 2",04/20/2023 12:00:31 PM,01/18/2024 03:33:32 PM
1601,"LINESTRING (-122.501362356 37.773652673, -122.502434852 37.773603523)",5,3508000,27875000,41ST AVE,Outer Richmond,B,ST,CABRILLO ST,42ND AVE,94121,1,0.05881069,23rd Ave to 45th Ave,Implemented,3,10/20/2020 05:00:00 PM,MTA,Non-local access,1,04/28/2023 02:29:50 PM,01/18/2024 03:33:32 PM
1607,"LINESTRING (-122.4981493 37.773799858, -122.499218503 37.773750889)",5,3505000,27865000,38TH AVE,Outer Richmond,B,ST,CABRILLO ST,39TH AVE,94121,1,0.05862988,23rd Ave to 45th Ave,Implemented,3,10/20/2020 05:00:00 PM,MTA,Non-local access,1,04/28/2023 02:29:50 PM,01/18/2024 03:33:32 PM
437,"LINESTRING (-122.471114604 37.786387243, -122.472185339 37.786333496)",5,8020000,27613000,12TH AVE,Inner Richmond,B,ST,LAKE ST,FUNSTON AVE,94118,1,0.05872356,28th Avenue to Arguello Boulevard,Implemented,1,04/30/2020 05:00:00 PM,MTA,Non-local access,1,11/23/2021 04:11:01 PM,01/18/2024 03:33:32 PM
1618,"LINESTRING (-122.457058054 37.787809344, -122.459323509 37.787520715)",5,4126000,27571000,CHERRY ST,Presidio Heights,B,ST,CLAY ST,ARGUELLO BLVD,94118,1,0.12558468,Arguello to Steiner,Implemented,3,10/05/2020 05:00:00 PM,MTA,Non-local access,2,10/13/2020 04:05:18 PM,01/18/2024 03:33:32 PM
1609,"LINESTRING (-122.448835781 37.788856512, -122.450480246 37.788647125)",5,4121000,26917000,WALNUT ST,Presidio Heights,B,ST,CLAY ST,LAUREL ST,94118,1,0.09115765,Arguello to Steiner,Implemented,3,10/05/2020 05:00:00 PM,MTA,Non-local access,2,10/13/2020 04:05:18 PM,01/18/2024 03:33:32 PM
2602,"LINESTRING (-122.442945446 37.775295529, -122.443132454 37.776226036)",5,8558000,26355000,GROVE ST,North Panhandle,B,ST,LYON ST,FULTON ST,94117,1,0.06498636,Turk Street to Haight Street,Implemented,4,07/06/2021 05:00:00 PM,MTA,Non-local access,"2, 5",07/07/2021 04:22:50 PM,01/18/2024 03:33:32 PM
459,"LINESTRING (-122.440213335 37.778511464, -122.441865641 37.778299554)",5,6277000,26073000,BRODERICK ST,Western Addition,B,AVE,GOLDEN GATE AVE,BAKER ST,94115,1,0.09162146,Masonic to Parker,Implemented,2,06/09/2020 05:00:00 PM,MTA,Non-local access,"2, 5",04/20/2023 12:00:31 PM,01/18/2024 03:33:32 PM
99,"LINESTRING (-122.430629085 37.773039299, -122.43228011 37.772829248)",5,10175000,25902000,FILLMORE ST,Western Addition,B,ST,PAGE ST,STEINER ST,94117,1,0.09153844,Stanyan to Gough,Implemented,1,04/30/2020 05:00:00 PM,MTA,Non-local access,5,10/13/2020 04:05:18 PM,01/18/2024 03:33:32 PM
123,"LINESTRING (-122.443836149 37.771358114, -122.445535278 37.771141934)",5,10183000,26324000,CENTRAL AVE,Haight Ashbury,B,ST,PAGE ST,MASONIC AVE,94117,1,0.09420766,Stanyan to Gough,Implemented,1,04/30/2020 05:00:00 PM,MTA,Non-local access,5,10/13/2020 04:05:18 PM,01/18/2024 03:33:32 PM
102,"LINESTRING (-122.423947061 37.773889238, -122.42570021 37.77366623)",5,10171000,25909000,OCTAVIA ST,Western Addition,B,ST,PAGE ST,LAGUNA ST,94102,1,0.09719908,Stanyan to Gough,Implemented,1,04/30/2020 05:00:00 PM,MTA,Non-local access,"5, 6",10/13/2020 04:05:19 PM,01/18/2024 03:33:32 PM
3851,"LINESTRING (-122.400268488 37.781869655, -122.399802202 37.781497999)",5,12374000,24584000,BONIFACIO ST,Financial District South,B,,TANDANG SORA,RIZAL ST,94107,1,0.03617282,Harrison Street to Folsom Street,Implemented,4,12/29/1899 04:00:13 PM,,,6,05/22/2023 03:55:31 PM,01/18/2024 03:33:32 PM
2565,"LINESTRING (-122.469653849 37.765782671, -122.469521965 37.763895944)",5,527000,27175000,LINCOLN WAY,Inner Sunset,B,AVE,12TH AVE,IRVING ST,94122,1,0.13032322,Lincoln Way to Lawton,Implemented,4,07/19/2021 05:00:00 PM,MTA,Non-local access,7,04/20/2023 11:36:44 AM,01/18/2024 03:33:32 PM
683,"LINESTRING (-122.429500086 37.749964502, -122.429422762 37.749157853)",5,11531000,25645000,25TH ST,Noe Valley,B,ST,SANCHEZ ST,CLIPPER ST,94114,1,0.05579342,23rd St to 30th St,Implemented,2,05/19/2020 05:00:00 PM,MTA,Non-local access,8,10/13/2020 04:05:18 PM,01/18/2024 03:33:32 PM
3521,"LINESTRING (-122.424822692 37.755074983, -122.42545718 37.755029079)",5,1198000,25630000,QUANE ST,Noe Valley,B,ST,22ND ST,DOLORES ST,94110,1,0.03488715,Bryant to Chattanooga,Planned,,,MTA,,8,03/01/2023 02:13:09 PM,01/18/2024 03:33:32 PM
691,"LINESTRING (-122.428959473 37.74436324, -122.428882686 37.743565342)",5,11538000,21912000,VALLEY ST,Noe Valley,B,ST,SANCHEZ ST,29TH ST,94131,1,0.05518937,23rd St to 30th St,Implemented,2,05/19/2020 05:00:00 PM,MTA,Non-local access,8,10/13/2020 04:05:18 PM,01/18/2024 03:33:32 PM
3526,"LINESTRING (-122.412197892 37.755832511, -122.41329405 37.755765915)",5,1185000,23994000,HARRISON ST,Inner Mission,B,ST,22ND ST,TREAT AVE,94110,1,0.06019815,Bryant to Chattanooga,Planned,,,MTA,,9,03/01/2023 02:13:09 PM,01/18/2024 03:33:32 PM
1716,"LINESTRING (-122.390573367 37.761652312, -122.390454252 37.760424346)",5,9055000,23645000,19TH ST,Potrero Hill,B,ST,MINNESOTA ST,20TH ST,94107,1,0.08494059,Mariposa to 22nd St,Implemented,3,10/05/2020 05:00:00 PM,MTA,Non-local access,10,10/13/2020 04:05:18 PM,01/18/2024 03:33:32 PM
2590,"LINESTRING (-122.442015664 37.730721768, -122.444298409 37.730708221)",5,6863000,22139000,CONGO ST,Sunnyside,B,AVE,HEARST AVE,DETROIT ST,94131,1,0.12504267,Ridgewood Avenue to Baden Street,Implemented,4,07/26/2021 05:00:00 PM,MTA,Non-local access,7,08/03/2021 11:50:20 AM,01/18/2024 03:33:32 PM
3537,"LINESTRING (-122.423757188 37.75513652, -122.424289762 37.755105763)",5,1196000,25624000,AMES ST,Noe Valley,B,ST,22ND ST,FAIR OAKS ST,94110,1,0.02923964,Bryant to Chattanooga,Planned,,,MTA,,8,03/01/2023 02:13:09 PM,01/18/2024 03:33:32 PM
3536,"LINESTRING (-122.423181 37.755169794, -122.423757188 37.75513652)",5,1195000,25623000,GUERRERO ST,Noe Valley,B,ST,22ND ST,AMES ST,94110,1,0.03163413,Bryant to Chattanooga,Planned,,,MTA,,8,03/01/2023 02:13:09 PM,01/18/2024 03:33:32 PM
1658,"LINESTRING (-122.433408259 37.767461583, -122.433331905 37.76666203)",5,9608000,25982000,14TH ST,Castro/Upper Market,B,ST,NOE ST,HENRY ST,94114,1,0.05530149,Duboce to 18th St,Implemented,3,09/29/2020 05:00:00 PM,MTA,Non-local access,8,10/13/2020 04:05:18 PM,01/18/2024 03:33:32 PM
1654,"LINESTRING (-122.433331905 37.76666203, -122.433255472 37.765861628)",5,9609000,25981000,HENRY ST,Castro/Upper Market,B,ST,NOE ST,15TH ST,94114,1,0.0553602,Duboce to 18th St,Implemented,3,09/29/2020 05:00:00 PM,MTA,Non-local access,8,10/13/2020 04:05:18 PM,01/18/2024 03:33:32 PM
1659,"LINESTRING (-122.433255472 37.765861628, -122.433178635 37.765060652)",5,9610000,25810000,15TH ST,Castro/Upper Market,B,ST,NOE ST,BEAVER ST,94114,1,0.05540135,Duboce to 18th St,Implemented,3,09/29/2020 05:00:00 PM,MTA,Non-local access,8,10/13/2020 04:05:18 PM,01/18/2024 03:33:32 PM
673,"LINESTRING (-122.416707369 37.768471369, -122.416548538 37.766871472)",5,11832000,24339000,14TH ST,The Mission,B,ST,SHOTWELL ST,15TH ST,94103,1,0.11068323,14th St to Cesar Chavez,Implemented,2,05/19/2020 05:00:00 PM,MTA,Non-local access,9,10/13/2020 04:05:18 PM,01/18/2024 03:33:32 PM
3532,"LINESTRING (-122.418747574 37.755436937, -122.419857943 37.75536573)",5,1191000,24111000,MISSION ST,Inner Mission,B,ST,22ND ST,BARTLETT ST,94110,1,0.06099917,Bryant to Chattanooga,Planned,,,MTA,,9,03/01/2023 02:13:09 PM,01/18/2024 03:33:32 PM
1750,"LINESTRING (-122.440472919 37.720933816, -122.440701316 37.720567746, -122.440947061 37.720184353)",5,3836000,22057000,ONEIDA AVE,Outer Mission,B,AVE,CAYUGA AVE,SUNBEAM LN,94112,1,0.05784876,Naglee to Rousseau,Implemented,3,07/31/2023 05:00:00 PM,MTA,Non-local access,11,09/20/2023 03:06:06 PM,01/18/2024 03:33:32 PM
1295,"LINESTRING (-122.494938693 37.773946842, -122.496014994 37.773897578)",5,3502000,27829000,35TH AVE,Outer Richmond,B,ST,CABRILLO ST,36TH AVE,94121,1,0.05901886,23rd Ave to 45th Ave,Implemented,3,10/20/2020 05:00:00 PM,MTA,Non-local access,1,04/28/2023 02:29:50 PM,01/18/2024 03:33:32 PM
457,"LINESTRING (-122.470043747 37.786437146, -122.471114604 37.786387243)",5,8019000,27612000,11TH AVE,Inner Richmond,B,ST,LAKE ST,12TH AVE,94118,1,0.05871405,28th Avenue to Arguello Boulevard,Implemented,1,04/30/2020 05:00:00 PM,MTA,Non-local access,1,11/23/2021 04:11:01 PM,01/18/2024 03:33:32 PM
444,"LINESTRING (-122.4808601 37.785933963, -122.481929204 37.785884439)",5,8030000,27645000,21ST AVE,Outer Richmond,B,ST,LAKE ST,22ND AVE,94121,1,0.05861713,28th Avenue to Arguello Boulevard,Implemented,1,04/30/2020 05:00:00 PM,MTA,Non-local access,1,11/23/2021 04:11:01 PM,01/18/2024 03:33:32 PM
443,"LINESTRING (-122.476575148 37.786128282, -122.477644057 37.786079795)",5,8026000,27633000,17TH AVE,Inner Richmond,B,ST,LAKE ST,18TH AVE,94121,1,0.0586022,28th Avenue to Arguello Boulevard,Implemented,1,04/30/2020 05:00:00 PM,MTA,Non-local access,1,11/23/2021 04:11:01 PM,01/18/2024 03:33:32 PM
649,"LINESTRING (-122.48245296 37.778262885, -122.482318449 37.776399887)",5,1215000,27535000,ANZA ST,Outer Richmond,B,AVE,23RD AVE,BALBOA ST,94121,1,0.12869759,Lake to Cabrillo,Implemented,2,06/09/2020 05:00:00 PM,MTA,Non-local access,1,10/13/2020 04:05:19 PM,01/18/2024 03:33:32 PM
3844,"LINESTRING (-122.483254696 37.774485588, -122.48432594 37.774436663)",5,3491000,27516000,24TH AVE,Central Richmond,B,ST,CABRILLO ST,25TH AVE,94121,1,0.05874071,23rd Ave to 45th Ave,Implemented,3,12/05/2023 04:00:00 PM,MTA,,1,04/28/2023 02:33:11 PM,01/18/2024 03:33:32 PM
1294,"LINESTRING (-122.484225574 37.774436663, -122.485296901 37.774387725)",5,3492000,27520000,25TH AVE,Outer Richmond,B,ST,CABRILLO ST,26TH AVE,94121,1,0.05874533,23rd Ave to 45th Ave,Implemented,3,10/20/2020 05:00:00 PM,MTA,Non-local access,1,04/28/2023 02:29:50 PM,01/18/2024 03:33:32 PM
453,"LINESTRING (-122.483004748 37.785834606, -122.484079805 37.78579453)",5,8032000,27649000,23RD AVE,Outer Richmond,B,ST,LAKE ST,24TH AVE,94121,1,0.05890833,28th Avenue to Arguello Boulevard,Implemented,1,04/30/2020 05:00:00 PM,MTA,Non-local access,1,11/23/2021 04:11:01 PM,01/18/2024 03:33:32 PM
462,"LINESTRING (-122.440213335 37.778511464, -122.441865641 37.778299554)",5,6277000,26073000,,Western Addition,B,AVE,GOLDEN GATE AVE,,94115,1,0.09162146,Masonic to Parker,Implemented,2,06/09/2020 05:00:00 PM,MTA,Non-local access,"2, 5",04/20/2023 12:00:31 PM,01/18/2024 03:33:32 PM
2599,"LINESTRING (-122.443321055 37.777164445, -122.44350692 37.778089213)",5,8560000,26374000,MCALLISTER ST,North Panhandle,B,ST,LYON ST,GOLDEN GATE AVE,94115,1,0.06458562,Turk Street to Haight Street,Implemented,4,07/06/2021 05:00:00 PM,MTA,Non-local access,2,07/07/2021 04:22:50 PM,01/18/2024 03:33:32 PM
1616,"LINESTRING (-122.43584896 37.790501799, -122.43749516 37.790292349)",5,4113000,26636000,STEINER ST,Pacific Heights,B,ST,CLAY ST,PIERCE ST,94115,1,0.09125014,Arguello to Steiner,Implemented,3,10/05/2020 05:00:00 PM,MTA,Non-local access,2,10/13/2020 04:05:18 PM,01/18/2024 03:33:32 PM
1621,"LINESTRING (-122.452126437 37.788437494, -122.453768965 37.788228306)",5,4123000,26940000,LOCUST ST,Presidio Heights,B,ST,CLAY ST,SPRUCE ST,94118,1,0.0910513,Arguello to Steiner,Implemented,3,10/05/2020 05:00:00 PM,MTA,Non-local access,2,10/13/2020 04:05:18 PM,01/18/2024 03:33:32 PM
646,"LINESTRING (-122.441865641 37.778299554, -122.44350692 37.778089213)",5,6278000,26359000,,Western Addition,B,AVE,GOLDEN GATE AVE,,94115,1,0.09100856,Masonic to Parker,Implemented,2,06/09/2020 05:00:00 PM,MTA,Non-local access,"2, 5",04/20/2023 12:00:31 PM,01/18/2024 03:33:32 PM
2605,"LINESTRING (-122.441997762 37.770637636, -122.442187879 37.771571038)",5,8554000,26323000,HAIGHT ST,Haight Ashbury,B,ST,LYON ST,PAGE ST,94117,1,0.06521053,Turk Street to Haight Street,Implemented,4,07/06/2021 05:00:00 PM,MTA,Non-local access,"5, 8",07/07/2021 04:22:50 PM,01/18/2024 03:33:32 PM
3849,"LINESTRING (-122.400374367 37.782644516, -122.39983345 37.782213379)",5,8588000,24586000,FOLSOM ST,Financial District South,B,ST,MABINI ST,BONIFACIO ST,94107,1,0.04196202,Harrison Street to Folsom Street,Implemented,4,12/29/1899 04:00:13 PM,,,6,05/22/2023 03:55:31 PM,01/18/2024 03:33:32 PM
680,"LINESTRING (-122.428882686 37.743565342, -122.428805595 37.742764288)",5,11539000,21910000,29TH ST,Noe Valley,B,ST,SANCHEZ ST,DAY ST,94131,1,0.05540766,23rd St to 30th St,Implemented,2,05/19/2020 05:00:00 PM,MTA,Non-local access,8,10/13/2020 04:05:18 PM,01/18/2024 03:33:32 PM
693,"LINESTRING (-122.42965871 37.751570854, -122.429576536 37.750762019)",5,11529000,25649000,24TH ST,Noe Valley,B,ST,SANCHEZ ST,JERSEY ST,94114,1,0.05596448,23rd St to 30th St,Implemented,2,05/19/2020 05:00:00 PM,MTA,Non-local access,8,10/13/2020 04:05:18 PM,01/18/2024 03:33:32 PM
685,"LINESTRING (-122.429576536 37.750762019, -122.429500086 37.749964502)",5,11530000,25648000,JERSEY ST,Noe Valley,B,ST,SANCHEZ ST,25TH ST,94114,1,0.05516179,23rd St to 30th St,Implemented,2,05/19/2020 05:00:00 PM,MTA,Non-local access,8,10/13/2020 04:05:18 PM,01/18/2024 03:33:32 PM
3546,"LINESTRING (-122.413599748 37.758961798, -122.414690031 37.758895989)",5,1051000,24036000,TREAT AVE,Inner Mission,B,ST,20TH ST,FOLSOM ST,94110,1,0.05987074,Shotwell to Potrero,Implemented,,02/28/2023 04:00:00 PM,MTA,,9,04/20/2023 11:12:17 AM,01/18/2024 03:33:32 PM
1714,"LINESTRING (-122.390698494 37.762925747, -122.390573367 37.761652312)",5,9054000,23650000,18TH ST,Potrero Hill,B,ST,MINNESOTA ST,19TH ST,94107,1,0.08809255,Mariposa to 22nd St,Implemented,3,10/05/2020 05:00:00 PM,MTA,Non-local access,10,10/13/2020 04:05:18 PM,01/18/2024 03:33:32 PM
1741,"LINESTRING (-122.428952612 37.731684954, -122.429766351 37.73145973)",5,3818000,52036000,MILTON ST,Outer Mission,B,AVE,CAYUGA AVE,ROUSSEAU ST,94112,1,0.04720171,Naglee to Rousseau,Implemented,3,07/31/2023 05:00:00 PM,MTA,Non-local access,11,09/20/2023 03:06:06 PM,01/18/2024 03:33:32 PM
1731,"LINESTRING (-122.439764643 37.722069003, -122.440109243 37.721516702)",5,3834000,22060000,ONONDAGA AVE,Outer Mission,B,AVE,CAYUGA AVE,BALHI CT,94112,1,0.04251203,Naglee to Rousseau,Implemented,3,07/31/2023 05:00:00 PM,MTA,Non-local access,11,09/20/2023 03:06:06 PM,01/18/2024 03:33:32 PM
1734,"LINESTRING (-122.438684008 37.723809325, -122.438808574 37.723601276)",5,3831000,33020000,SANTA YNEZ AVE,Outer Mission,B,AVE,CAYUGA AVE,OCEAN AVE,94112,1,0.01588853,Naglee to Rousseau,Implemented,3,07/31/2023 05:00:00 PM,MTA,Non-local access,11,09/20/2023 03:06:06 PM,01/18/2024 03:33:32 PM
1742,"LINESTRING (-122.428190092 37.73201309, -122.428346809 37.731852622, -122.428952612 37.731684954)",0,3817000,52035000,CUVIER ST,Outer Mission,B,AVE,CAYUGA AVE,MILTON ST,94112,1,0.04914596,Naglee to Rousseau,Implemented,3,07/31/2023 05:00:00 PM,MTA,Non-local access,11,09/20/2023 03:06:06 PM,01/18/2024 03:33:32 PM
2604,"LINESTRING (-122.44256485 37.773424225, -122.442754865 37.774358833)",5,8556000,26354000,FELL ST,North Panhandle,B,ST,LYON ST,HAYES ST,94117,1,0.06529172,Turk Street to Haight Street,Implemented,4,07/06/2021 05:00:00 PM,MTA,Non-local access,5,07/07/2021 04:22:50 PM,01/18/2024 03:33:32 PM
3850,"LINESTRING (-122.400268488 37.781869655, -122.39983345 37.782213379)",5,3008000,24584000,TANDANG SORA,Financial District South,B,ST,BONIFACIO ST,MABINI ST,94107,1,0.03360109,Harrison Street to Folsom Street,Implemented,4,12/29/1899 04:00:13 PM,,,6,05/22/2023 03:55:31 PM,01/18/2024 03:33:32 PM
1751,"LINESTRING (-122.440109243 37.721516702, -122.440472919 37.720933816)",5,3835000,22063000,BALHI CT,Outer Mission,B,AVE,CAYUGA AVE,ONEIDA AVE,94112,1,0.04486612,Naglee to Rousseau,Implemented,3,07/31/2023 05:00:00 PM,MTA,Non-local access,11,09/20/2023 03:06:06 PM,01/18/2024 03:33:32 PM
653,"LINESTRING (-122.483004748 37.785834606, -122.482870048 37.783979268)",5,1211000,27649000,LAKE ST,Outer Richmond,B,AVE,23RD AVE,CALIFORNIA ST,94121,1,0.12817089,Lake to Cabrillo,Implemented,2,06/09/2020 05:00:00 PM,MTA,Non-local access,1,10/13/2020 04:05:18 PM,01/18/2024 03:33:32 PM
652,"LINESTRING (-122.482870048 37.783979268, -122.482735197 37.782121759)",5,1212000,27647000,CALIFORNIA ST,Outer Richmond,B,AVE,23RD AVE,CLEMENT ST,94121,1,0.12832081,Lake to Cabrillo,Implemented,2,06/09/2020 05:00:00 PM,MTA,Non-local access,1,10/13/2020 04:05:18 PM,01/18/2024 03:33:32 PM
439,"LINESTRING (-122.467898459 37.786533455, -122.468974695 37.786482586)",5,8017000,27608000,09TH AVE,Inner Richmond,B,ST,LAKE ST,10TH AVE,94118,1,0.05901181,28th Avenue to Arguello Boulevard,Implemented,1,04/30/2020 05:00:00 PM,MTA,Non-local access,1,11/23/2021 04:11:01 PM,01/18/2024 03:33:32 PM
454,"LINESTRING (-122.481929204 37.785884439, -122.483004748 37.785834606)",5,8031000,27646000,22ND AVE,Outer Richmond,B,ST,LAKE ST,23RD AVE,94121,1,0.05897031,28th Avenue to Arguello Boulevard,Implemented,1,04/30/2020 05:00:00 PM,MTA,Non-local access,1,11/23/2021 04:11:01 PM,01/18/2024 03:33:32 PM
3548,"LINESTRING (-122.451346157 37.777090401, -122.452233766 37.776976223)",5,6286000,26458000,CHABOT TER,Lone Mountain,B,AVE,GOLDEN GATE AVE,TEMESCAL TER,94118,1,0.04922315,Masonic to Parker,Implemented,,02/28/2023 04:00:00 PM,MTA,,1,04/20/2023 12:07:52 PM,01/18/2024 03:33:32 PM
1615,"LINESTRING (-122.43749516 37.790292349, -122.439135983 37.79008145)",5,4114000,26645000,PIERCE ST,Pacific Heights,B,ST,CLAY ST,SCOTT ST,94115,1,0.09097574,Arguello to Steiner,Implemented,3,10/05/2020 05:00:00 PM,MTA,Non-local access,2,10/13/2020 04:05:18 PM,01/18/2024 03:33:32 PM
1614,"LINESTRING (-122.439135983 37.79008145, -122.440805573 37.789872296)",5,4115000,26819000,SCOTT ST,Pacific Heights,B,ST,CLAY ST,DIVISADERO ST,94115,1,0.09251172,Arguello to Steiner,Implemented,3,10/05/2020 05:00:00 PM,MTA,Non-local access,2,10/13/2020 04:05:19 PM,01/18/2024 03:33:32 PM
109,"LINESTRING (-122.437234932 37.772203713, -122.438899102 37.771990424)",5,10179000,26029000,DIVISADERO ST,Haight Ashbury,B,ST,PAGE ST,BRODERICK ST,94117,1,0.0922854,Stanyan to Gough,Implemented,1,04/30/2020 05:00:00 PM,MTA,Non-local access,5,10/13/2020 04:05:18 PM,01/18/2024 03:33:32 PM
103,"LINESTRING (-122.438899102 37.771990424, -122.44054621 37.771779098)",5,10180000,26035000,BRODERICK ST,Haight Ashbury,B,ST,PAGE ST,BAKER ST,94117,1,0.09134196,Stanyan to Gough,Implemented,1,04/30/2020 05:00:00 PM,MTA,Non-local access,5,10/13/2020 04:05:18 PM,01/18/2024 03:33:32 PM
2612,"LINESTRING (-122.442187879 37.771571038, -122.442377977 37.772504316)",5,8555000,26325000,PAGE ST,Haight Ashbury,B,ST,LYON ST,OAK ST,94117,1,0.06520191,Turk Street to Haight Street,Implemented,4,07/06/2021 05:00:00 PM,MTA,Non-local access,5,07/07/2021 04:22:50 PM,01/18/2024 03:33:32 PM
18,"LINESTRING (-122.450407506 37.770519318, -122.452055221 37.770312752)",5,10187000,26418000,COLE ST,Haight Ashbury,B,ST,PAGE ST,SHRADER ST,94117,1,0.09132473,Stanyan to Gough,Implemented,1,04/30/2020 05:00:00 PM,MTA,Non-local access,5,10/13/2020 04:05:19 PM,01/18/2024 03:33:32 PM
3845,"LINESTRING (-122.39983345 37.782213379, -122.399349285 37.782595912)",5,3009000,24585000,MABINI ST,Financial District South,B,ST,BONIFACIO ST,LAPU-LAPU ST,94107,1,0.03739512,Harrison Street to Folsom Street,Implemented,4,12/29/1899 04:00:13 PM,,,6,05/22/2023 03:55:31 PM,01/18/2024 03:33:32 PM
3847,"LINESTRING (-122.399802202 37.781497999, -122.398879207 37.782224235)",5,11089000,24582000,TANDANG SORA,Financial District South,B,ST,RIZAL ST,LAPU-LAPU ST,94107,1,0.07114262,Harrison Street to Folsom Street,Implemented,4,12/29/1899 04:00:13 PM,,,6,05/22/2023 03:55:31 PM,01/18/2024 03:33:32 PM
670,"LINESTRING (-122.415928746 37.760433261, -122.415779298 37.758830232)",5,11837000,24125000,19TH ST,The Mission,B,ST,SHOTWELL ST,20TH ST,94110,1,0.11085939,14th St to Cesar Chavez,Implemented,2,05/19/2020 05:00:00 PM,MTA,Non-local access,9,10/13/2020 04:05:18 PM,01/18/2024 03:33:32 PM
3529,"LINESTRING (-122.415473275 37.755634108, -122.416566641 37.755568278)",5,1188000,24078000,SHOTWELL ST,Inner Mission,B,ST,22ND ST,SOUTH VAN NESS AVE,94110,1,0.06004185,Bryant to Chattanooga,Planned,,,MTA,,9,03/01/2023 02:13:09 PM,01/18/2024 03:33:32 PM
3527,"LINESTRING (-122.41329405 37.755765915, -122.414387601 37.755699465)",5,1186000,23997000,TREAT AVE,Inner Mission,B,ST,22ND ST,FOLSOM ST,94110,1,0.0600551,Bryant to Chattanooga,Planned,,,MTA,,9,03/01/2023 02:13:09 PM,01/18/2024 03:33:32 PM
672,"LINESTRING (-122.416387523 37.765249494, -122.416227271 37.763635137)",5,11834000,24141000,16TH ST,The Mission,B,ST,SHOTWELL ST,17TH ST,94110,1,0.1116835,14th St to Cesar Chavez,Implemented,2,05/19/2020 05:00:00 PM,MTA,Non-local access,9,10/13/2020 04:05:19 PM,01/18/2024 03:33:32 PM
3547,"LINESTRING (-122.414690031 37.758895989, -122.415779298 37.758830232)",5,1052000,24122000,FOLSOM ST,Inner Mission,B,ST,20TH ST,SHOTWELL ST,94110,1,0.05981505,Shotwell to Potrero,Implemented,,02/28/2023 04:00:00 PM,MTA,,9,04/20/2023 11:12:17 AM,01/18/2024 03:33:32 PM
1752,"LINESTRING (-122.436805493 37.72716839, -122.437933627 37.725094456)",5,3829000,21801000,SANTA ROSA AVE,Outer Mission,B,AVE,CAYUGA AVE,SAN JUAN AVE,94112,1,0.15581254,Naglee to Rousseau,Implemented,3,07/31/2023 05:00:00 PM,MTA,Non-local access,11,09/20/2023 03:06:06 PM,01/18/2024 03:33:32 PM
455,"LINESTRING (-122.475503914 37.786181462, -122.476575148 37.786128282)",5,8025000,27626000,16TH AVE,Inner Richmond,B,ST,LAKE ST,17TH AVE,94118,1,0.05874853,28th Avenue to Arguello Boulevard,Implemented,1,04/30/2020 05:00:00 PM,MTA,Non-local access,1,11/23/2021 04:11:01 PM,01/18/2024 03:33:32 PM
2589,"LINESTRING (-122.444298409 37.730708221, -122.446573476 37.730699251)",5,6864000,22155000,DETROIT ST,Sunnyside,B,AVE,HEARST AVE,EDNA ST,94112,1,0.12462016,Ridgewood Avenue to Baden Street,Implemented,4,07/26/2021 05:00:00 PM,MTA,Non-local access,7,08/03/2021 11:50:20 AM,01/18/2024 03:33:32 PM
668,"LINESTRING (-122.415172289 37.752439645, -122.415014331 37.750836982)",5,11842000,24064000,24TH ST,The Mission,B,ST,SHOTWELL ST,25TH ST,94110,1,0.11086952,14th St to Cesar Chavez,Implemented,2,05/19/2020 05:00:00 PM,MTA,Non-local access,9,10/13/2020 04:05:18 PM,01/18/2024 03:33:32 PM
